{"cameraMode":{"drawMode":0,"name":"Shaded","section":"Shading Mode"},"sceneLighting":false,"audioPlay":false,"sceneViewState":{"m_AlwaysRefresh":false,"showFog":true,"showSkybox":false,"showFlares":true,"showImageEffects":true,"showParticleSystems":true,"showVisualEffectGraphs":true,"m_FxEnabled":true},"in2DMode":false,"pivot":{"x":-0.9016256332397461,"y":1.1299999952316285,"z":0.8504915237426758},"rotation":{"x":0.27638381719589236,"y":-0.22510157525539399,"z":0.06675901263952255,"w":0.9319266080856323},"size":0.629891574382782,"orthographic":false}